fromPort,toPort,zipCode,address,city,nameOnCard,creditCardNumber,cardType,creditCardMonth,state,creditCardYear,inputName
Boston,Rome,19711,Cross street,Delaware,Gengusamy,424242424242,visa,10,united states,2024,Gengu
Boston,Rome,19711,Cross street,Delaware,Gengusamy,424242424242,visa,10,united states,2024,Gengu1
Boston,Rome,19711,Cross street,Delaware,Gengusamy,424242424242,visa,10,united states,2024,Gengu2
Boston,Rome,19711,Cross street,Delaware,Gengusamy,424242424242,visa,10,united states,2024,Gengu3
Boston,Rome,19711,Cross street,Delaware,Gengusamy,424242424242,visa,10,united states,2024,Gengu4
Boston,Rome,19711,Cross street,Delaware,Gengusamy,424242424242,visa,10,united states,2024,Gengu5
Boston,Rome,19711,Cross street,Delaware,Gengusamy,424242424242,visa,10,united states,2024,Gengu6
Boston,Rome,19711,Cross street,Delaware,Gengusamy,424242424242,visa,10,united states,2024,Gengu7
Boston,Rome,19711,Cross street,Delaware,Gengusamy,424242424242,visa,10,united states,2024,Gengu8

