timeStamp,elapsed,label,responseCode,responseMessage,threadName,dataType,success,failureMessage,bytes,sentBytes,grpThreads,allThreads,URL,Latency,IdleTime,Connect
1645191830590,1238,https://blazedemo.com/,200,OK,Thread Group 1-1,text,true,,286513,3116,10,10,https://blazedemo.com/,446,0,96
1645191830590,446,https://blazedemo.com/-0,200,OK,Thread Group 1-1,text,true,,3228,496,10,10,https://blazedemo.com/,446,0,96
1645191831038,116,https://blazedemo.com/-1,200,OK,Thread Group 1-1,text,true,,83982,538,10,10,http://ajax.googleapis.com/ajax/libs/jquery/2.0.0/jquery.min.js,103,0,95
1645191831038,341,https://blazedemo.com/-2,200,OK,Thread Group 1-1,text,true,,28981,519,10,10,https://blazedemo.com/assets/bootstrap.min.js,246,0,0
1645191831038,450,https://blazedemo.com/-3,200,OK,Thread Group 1-1,text,true,,39488,521,10,10,https://blazedemo.com/assets/bootstrap-table.js,364,0,97
1645191831039,789,https://blazedemo.com/-4,200,OK,Thread Group 1-1,text,true,,126767,520,10,10,https://blazedemo.com/assets/bootstrap.min.css,344,0,96
1645191831039,358,https://blazedemo.com/-5,200,OK,Thread Group 1-1,text,true,,4067,522,10,10,https://blazedemo.com/assets/bootstrap-table.css,349,0,103
1645191830675,1214,https://blazedemo.com/,200,OK,Thread Group 1-2,text,true,,286513,3116,10,10,https://blazedemo.com/,502,0,97
1645191830675,502,https://blazedemo.com/-0,200,OK,Thread Group 1-2,text,true,,3228,496,10,10,https://blazedemo.com/,502,0,97
1645191831178,38,https://blazedemo.com/-1,200,OK,Thread Group 1-2,text,true,,83982,538,10,10,http://ajax.googleapis.com/ajax/libs/jquery/2.0.0/jquery.min.js,17,0,6
1645191831179,424,https://blazedemo.com/-2,200,OK,Thread Group 1-2,text,true,,28981,519,10,10,https://blazedemo.com/assets/bootstrap.min.js,358,0,95
1645191831179,327,https://blazedemo.com/-3,200,OK,Thread Group 1-2,text,true,,39488,521,10,10,https://blazedemo.com/assets/bootstrap-table.js,243,0,0
1645191831179,710,https://blazedemo.com/-4,200,OK,Thread Group 1-2,text,true,,126767,520,10,10,https://blazedemo.com/assets/bootstrap.min.css,338,0,92
1645191831179,350,https://blazedemo.com/-5,200,OK,Thread Group 1-2,text,true,,4067,522,10,10,https://blazedemo.com/assets/bootstrap-table.css,342,0,93
1645191830776,1288,https://blazedemo.com/,200,OK,Thread Group 1-3,text,true,,286513,3116,10,10,https://blazedemo.com/,442,0,104
1645191830776,442,https://blazedemo.com/-0,200,OK,Thread Group 1-3,text,true,,3228,496,10,10,https://blazedemo.com/,442,0,104
1645191831219,29,https://blazedemo.com/-1,200,OK,Thread Group 1-3,text,true,,83982,538,10,10,http://ajax.googleapis.com/ajax/libs/jquery/2.0.0/jquery.min.js,15,0,6
1645191831219,353,https://blazedemo.com/-2,200,OK,Thread Group 1-3,text,true,,28981,519,10,10,https://blazedemo.com/assets/bootstrap.min.js,247,0,0
1645191831219,421,https://blazedemo.com/-3,200,OK,Thread Group 1-3,text,true,,39488,521,10,10,https://blazedemo.com/assets/bootstrap-table.js,335,0,94
1645191831219,845,https://blazedemo.com/-4,200,OK,Thread Group 1-3,text,true,,126767,520,10,10,https://blazedemo.com/assets/bootstrap.min.css,337,0,98
1645191831220,348,https://blazedemo.com/-5,200,OK,Thread Group 1-3,text,true,,4067,522,10,10,https://blazedemo.com/assets/bootstrap-table.css,346,0,97
1645191831087,1181,https://blazedemo.com/,200,OK,Thread Group 1-6,text,true,,286513,3116,10,10,https://blazedemo.com/,571,0,99
1645191831087,571,https://blazedemo.com/-0,200,OK,Thread Group 1-6,text,true,,3228,496,10,10,https://blazedemo.com/,571,0,99
1645191831659,30,https://blazedemo.com/-1,200,OK,Thread Group 1-6,text,true,,83982,538,10,10,http://ajax.googleapis.com/ajax/libs/jquery/2.0.0/jquery.min.js,13,0,6
1645191831659,402,https://blazedemo.com/-2,200,OK,Thread Group 1-6,text,true,,28981,519,10,10,https://blazedemo.com/assets/bootstrap.min.js,341,0,93
1645191831659,609,https://blazedemo.com/-3,200,OK,Thread Group 1-6,text,true,,39488,521,10,10,https://blazedemo.com/assets/bootstrap-table.js,343,0,100
1645191831659,552,https://blazedemo.com/-4,200,OK,Thread Group 1-6,text,true,,126767,520,10,10,https://blazedemo.com/assets/bootstrap.min.css,242,0,0
1645191831659,346,https://blazedemo.com/-5,200,OK,Thread Group 1-6,text,true,,4067,522,10,10,https://blazedemo.com/assets/bootstrap-table.css,342,0,93
1645191830974,1332,https://blazedemo.com/,200,OK,Thread Group 1-5,text,true,,286513,3116,10,10,https://blazedemo.com/,427,0,98
1645191830974,428,https://blazedemo.com/-0,200,OK,Thread Group 1-5,text,true,,3228,496,10,10,https://blazedemo.com/,427,0,98
1645191831403,26,https://blazedemo.com/-1,200,OK,Thread Group 1-5,text,true,,83982,538,10,10,http://ajax.googleapis.com/ajax/libs/jquery/2.0.0/jquery.min.js,12,0,5
1645191831403,412,https://blazedemo.com/-2,200,OK,Thread Group 1-5,text,true,,28981,519,10,10,https://blazedemo.com/assets/bootstrap.min.js,353,0,98
1645191831403,476,https://blazedemo.com/-3,200,OK,Thread Group 1-5,text,true,,39488,521,10,10,https://blazedemo.com/assets/bootstrap-table.js,247,0,0
1645191831404,902,https://blazedemo.com/-4,200,OK,Thread Group 1-5,text,true,,126767,520,10,10,https://blazedemo.com/assets/bootstrap.min.css,335,0,90
1645191831404,333,https://blazedemo.com/-5,200,OK,Thread Group 1-5,text,true,,4067,522,10,10,https://blazedemo.com/assets/bootstrap-table.css,331,0,91
1645191830881,1520,https://blazedemo.com/,200,OK,Thread Group 1-4,text,true,,286513,3116,10,10,https://blazedemo.com/,580,0,106
1645191830881,580,https://blazedemo.com/-0,200,OK,Thread Group 1-4,text,true,,3228,496,10,10,https://blazedemo.com/,580,0,106
1645191831463,32,https://blazedemo.com/-1,200,OK,Thread Group 1-4,text,true,,83982,538,10,10,http://ajax.googleapis.com/ajax/libs/jquery/2.0.0/jquery.min.js,18,0,6
1645191831464,474,https://blazedemo.com/-2,200,OK,Thread Group 1-4,text,true,,28981,519,10,10,https://blazedemo.com/assets/bootstrap.min.js,268,0,0
1645191831464,563,https://blazedemo.com/-3,200,OK,Thread Group 1-4,text,true,,39488,521,10,10,https://blazedemo.com/assets/bootstrap-table.js,337,0,90
1645191831464,937,https://blazedemo.com/-4,200,OK,Thread Group 1-4,text,true,,126767,520,10,10,https://blazedemo.com/assets/bootstrap.min.css,339,0,94
1645191831464,355,https://blazedemo.com/-5,200,OK,Thread Group 1-4,text,true,,4067,522,10,10,https://blazedemo.com/assets/bootstrap-table.css,347,0,94
1645191831890,593,https://blazedemo.com/reserve.php,200,OK,Thread Group 1-2,text,true,,6714,3867,10,10,https://blazedemo.com/reserve.php,345,0,0
1645191831890,350,https://blazedemo.com/reserve.php-0,200,OK,Thread Group 1-2,text,true,,5795,604,10,10,https://blazedemo.com/reserve.php,345,0,0
1645191832242,14,https://blazedemo.com/reserve.php-1,304,Not Modified,Thread Group 1-2,,true,,215,637,10,10,http://ajax.googleapis.com/ajax/libs/jquery/2.0.0/jquery.min.js,0,0,0
1645191832242,241,https://blazedemo.com/reserve.php-2,304,Not Modified,Thread Group 1-2,,true,,176,655,10,10,https://blazedemo.com/assets/bootstrap.min.js,0,0,0
1645191832242,241,https://blazedemo.com/reserve.php-3,304,Not Modified,Thread Group 1-2,,true,,176,657,10,10,https://blazedemo.com/assets/bootstrap-table.js,0,0,0
1645191832242,239,https://blazedemo.com/reserve.php-4,304,Not Modified,Thread Group 1-2,,true,,177,657,10,10,https://blazedemo.com/assets/bootstrap.min.css,0,0,0
1645191832242,241,https://blazedemo.com/reserve.php-5,304,Not Modified,Thread Group 1-2,,true,,175,657,10,10,https://blazedemo.com/assets/bootstrap-table.css,0,0,0
1645191831830,746,https://blazedemo.com/reserve.php,200,OK,Thread Group 1-1,text,true,,6714,3867,10,10,https://blazedemo.com/reserve.php,491,0,0
1645191831830,504,https://blazedemo.com/reserve.php-0,200,OK,Thread Group 1-1,text,true,,5795,604,10,10,https://blazedemo.com/reserve.php,491,0,0
1645191832335,8,https://blazedemo.com/reserve.php-1,304,Not Modified,Thread Group 1-1,,true,,215,637,10,10,http://ajax.googleapis.com/ajax/libs/jquery/2.0.0/jquery.min.js,0,0,0
1645191832335,241,https://blazedemo.com/reserve.php-2,304,Not Modified,Thread Group 1-1,,true,,176,655,10,10,https://blazedemo.com/assets/bootstrap.min.js,0,0,0
1645191832335,238,https://blazedemo.com/reserve.php-3,304,Not Modified,Thread Group 1-1,,true,,176,657,10,10,https://blazedemo.com/assets/bootstrap-table.js,0,0,0
1645191832335,238,https://blazedemo.com/reserve.php-4,304,Not Modified,Thread Group 1-1,,true,,177,657,10,10,https://blazedemo.com/assets/bootstrap.min.css,0,0,0
1645191832335,241,https://blazedemo.com/reserve.php-5,304,Not Modified,Thread Group 1-1,,true,,175,657,10,10,https://blazedemo.com/assets/bootstrap-table.css,0,0,0
1645191831182,1471,https://blazedemo.com/,200,OK,Thread Group 1-7,text,true,,286513,3116,10,10,https://blazedemo.com/,535,0,94
1645191831182,535,https://blazedemo.com/-0,200,OK,Thread Group 1-7,text,true,,3228,496,10,10,https://blazedemo.com/,535,0,94
1645191831718,26,https://blazedemo.com/-1,200,OK,Thread Group 1-7,text,true,,83982,538,10,10,http://ajax.googleapis.com/ajax/libs/jquery/2.0.0/jquery.min.js,13,0,5
1645191831718,560,https://blazedemo.com/-2,200,OK,Thread Group 1-7,text,true,,28981,519,10,10,https://blazedemo.com/assets/bootstrap.min.js,339,0,95
1645191831718,328,https://blazedemo.com/-3,200,OK,Thread Group 1-7,text,true,,39488,521,10,10,https://blazedemo.com/assets/bootstrap-table.js,246,0,0
1645191831718,935,https://blazedemo.com/-4,200,OK,Thread Group 1-7,text,true,,126767,520,10,10,https://blazedemo.com/assets/bootstrap.min.css,340,0,95
1645191831718,343,https://blazedemo.com/-5,200,OK,Thread Group 1-7,text,true,,4067,522,10,10,https://blazedemo.com/assets/bootstrap-table.css,341,0,94
1645191832066,593,https://blazedemo.com/reserve.php,200,OK,Thread Group 1-3,text,true,,6714,3867,10,10,https://blazedemo.com/reserve.php,350,0,0
1645191832066,353,https://blazedemo.com/reserve.php-0,200,OK,Thread Group 1-3,text,true,,5795,604,10,10,https://blazedemo.com/reserve.php,350,0,0
1645191832420,7,https://blazedemo.com/reserve.php-1,304,Not Modified,Thread Group 1-3,,true,,215,637,10,10,http://ajax.googleapis.com/ajax/libs/jquery/2.0.0/jquery.min.js,0,0,0
1645191832420,238,https://blazedemo.com/reserve.php-2,304,Not Modified,Thread Group 1-3,,true,,176,655,10,10,https://blazedemo.com/assets/bootstrap.min.js,0,0,0
1645191832420,238,https://blazedemo.com/reserve.php-3,304,Not Modified,Thread Group 1-3,,true,,176,657,10,10,https://blazedemo.com/assets/bootstrap-table.js,0,0,0
1645191832420,235,https://blazedemo.com/reserve.php-4,304,Not Modified,Thread Group 1-3,,true,,177,657,10,10,https://blazedemo.com/assets/bootstrap.min.css,0,0,0
1645191832420,239,https://blazedemo.com/reserve.php-5,304,Not Modified,Thread Group 1-3,,true,,175,657,10,10,https://blazedemo.com/assets/bootstrap-table.css,0,0,0
1645191831280,1517,https://blazedemo.com/,200,OK,Thread Group 1-8,text,true,,286513,3116,10,10,https://blazedemo.com/,859,0,94
1645191831280,859,https://blazedemo.com/-0,200,OK,Thread Group 1-8,text,true,,3228,496,10,10,https://blazedemo.com/,859,0,94
1645191832142,46,https://blazedemo.com/-1,200,OK,Thread Group 1-8,text,true,,83982,538,10,10,http://ajax.googleapis.com/ajax/libs/jquery/2.0.0/jquery.min.js,22,0,10
1645191832142,440,https://blazedemo.com/-2,200,OK,Thread Group 1-8,text,true,,28981,519,10,10,https://blazedemo.com/assets/bootstrap.min.js,253,0,0
1645191832142,607,https://blazedemo.com/-3,200,OK,Thread Group 1-8,text,true,,39488,521,10,10,https://blazedemo.com/assets/bootstrap-table.js,372,0,115
1645191832142,655,https://blazedemo.com/-4,200,OK,Thread Group 1-8,text,true,,126767,520,10,10,https://blazedemo.com/assets/bootstrap.min.css,359,0,114
1645191832142,373,https://blazedemo.com/-5,200,OK,Thread Group 1-8,text,true,,4067,522,10,10,https://blazedemo.com/assets/bootstrap-table.css,364,0,119
1645191831382,1422,https://blazedemo.com/,200,OK,Thread Group 1-9,text,true,,286513,3116,10,10,https://blazedemo.com/,556,0,100
1645191831382,560,https://blazedemo.com/-0,200,OK,Thread Group 1-9,text,true,,3228,496,10,10,https://blazedemo.com/,556,0,100
1645191831943,28,https://blazedemo.com/-1,200,OK,Thread Group 1-9,text,true,,83982,538,10,10,http://ajax.googleapis.com/ajax/libs/jquery/2.0.0/jquery.min.js,13,0,6
1645191831943,412,https://blazedemo.com/-2,200,OK,Thread Group 1-9,text,true,,28981,519,10,10,https://blazedemo.com/assets/bootstrap.min.js,341,0,97
1645191831943,498,https://blazedemo.com/-3,200,OK,Thread Group 1-9,text,true,,39488,521,10,10,https://blazedemo.com/assets/bootstrap-table.js,269,0,0
1645191831943,861,https://blazedemo.com/-4,200,OK,Thread Group 1-9,text,true,,126767,520,10,10,https://blazedemo.com/assets/bootstrap.min.css,342,0,97
1645191831944,354,https://blazedemo.com/-5,200,OK,Thread Group 1-9,text,true,,4067,522,10,10,https://blazedemo.com/assets/bootstrap-table.css,346,0,94
1645191832268,589,https://blazedemo.com/reserve.php,200,OK,Thread Group 1-6,text,true,,6714,3867,10,10,https://blazedemo.com/reserve.php,337,0,0
1645191832268,345,https://blazedemo.com/reserve.php-0,200,OK,Thread Group 1-6,text,true,,5795,604,10,10,https://blazedemo.com/reserve.php,337,0,0
1645191832614,14,https://blazedemo.com/reserve.php-1,304,Not Modified,Thread Group 1-6,,true,,215,637,10,10,http://ajax.googleapis.com/ajax/libs/jquery/2.0.0/jquery.min.js,0,0,0
1645191832614,240,https://blazedemo.com/reserve.php-2,304,Not Modified,Thread Group 1-6,,true,,176,655,10,10,https://blazedemo.com/assets/bootstrap.min.js,0,0,0
1645191832614,239,https://blazedemo.com/reserve.php-3,304,Not Modified,Thread Group 1-6,,true,,176,657,10,10,https://blazedemo.com/assets/bootstrap-table.js,0,0,0
1645191832614,243,https://blazedemo.com/reserve.php-4,304,Not Modified,Thread Group 1-6,,true,,177,657,10,10,https://blazedemo.com/assets/bootstrap.min.css,0,0,0
1645191832614,242,https://blazedemo.com/reserve.php-5,304,Not Modified,Thread Group 1-6,,true,,175,657,10,10,https://blazedemo.com/assets/bootstrap-table.css,0,0,0
1645191832308,598,https://blazedemo.com/reserve.php,200,OK,Thread Group 1-5,text,true,,6714,3867,10,10,https://blazedemo.com/reserve.php,345,0,0
1645191832308,353,https://blazedemo.com/reserve.php-0,200,OK,Thread Group 1-5,text,true,,5795,604,10,10,https://blazedemo.com/reserve.php,345,0,0
1645191832663,6,https://blazedemo.com/reserve.php-1,304,Not Modified,Thread Group 1-5,,true,,215,637,10,10,http://ajax.googleapis.com/ajax/libs/jquery/2.0.0/jquery.min.js,0,0,0
1645191832663,239,https://blazedemo.com/reserve.php-2,304,Not Modified,Thread Group 1-5,,true,,176,655,10,10,https://blazedemo.com/assets/bootstrap.min.js,0,0,0
1645191832663,240,https://blazedemo.com/reserve.php-3,304,Not Modified,Thread Group 1-5,,true,,176,657,10,10,https://blazedemo.com/assets/bootstrap-table.js,0,0,0
1645191832663,243,https://blazedemo.com/reserve.php-4,304,Not Modified,Thread Group 1-5,,true,,177,657,10,10,https://blazedemo.com/assets/bootstrap.min.css,0,0,0
1645191832663,237,https://blazedemo.com/reserve.php-5,304,Not Modified,Thread Group 1-5,,true,,175,657,10,10,https://blazedemo.com/assets/bootstrap-table.css,0,0,0
1645191831479,1606,https://blazedemo.com/,200,OK,Thread Group 1-10,text,true,,286513,3116,10,10,https://blazedemo.com/,426,0,94
1645191831479,427,https://blazedemo.com/-0,200,OK,Thread Group 1-10,text,true,,3228,496,10,10,https://blazedemo.com/,426,0,94
1645191831908,46,https://blazedemo.com/-1,200,OK,Thread Group 1-10,text,true,,83982,538,10,10,http://ajax.googleapis.com/ajax/libs/jquery/2.0.0/jquery.min.js,19,0,9
1645191831908,431,https://blazedemo.com/-2,200,OK,Thread Group 1-10,text,true,,28981,519,10,10,https://blazedemo.com/assets/bootstrap.min.js,348,0,98
1645191831908,1177,https://blazedemo.com/-3,200,OK,Thread Group 1-10,text,true,,39488,521,10,10,https://blazedemo.com/assets/bootstrap-table.js,895,0,0
1645191831908,654,https://blazedemo.com/-4,200,OK,Thread Group 1-10,text,true,,126767,520,10,10,https://blazedemo.com/assets/bootstrap.min.css,342,0,98
1645191831908,354,https://blazedemo.com/-5,200,OK,Thread Group 1-10,text,true,,4067,522,10,10,https://blazedemo.com/assets/bootstrap-table.css,347,0,99
1645191832484,612,https://blazedemo.com/purchase.php,200,OK,Thread Group 1-2,text,true,,89871,3867,10,10,https://blazedemo.com/purchase.php,367,0,0
1645191832484,367,https://blazedemo.com/purchase.php-0,200,OK,Thread Group 1-2,text,true,,5185,654,10,10,https://blazedemo.com/purchase.php,367,0,0
1645191832851,13,https://blazedemo.com/purchase.php-1,200,OK,Thread Group 1-2,text,true,,83982,587,10,10,http://ajax.googleapis.com/ajax/libs/jquery/2.0.0/jquery.min.js,6,0,0
1645191832851,241,https://blazedemo.com/purchase.php-2,304,Not Modified,Thread Group 1-2,,true,,176,655,10,10,https://blazedemo.com/assets/bootstrap.min.js,0,0,0
1645191832851,245,https://blazedemo.com/purchase.php-3,304,Not Modified,Thread Group 1-2,,true,,176,657,10,10,https://blazedemo.com/assets/bootstrap-table.js,0,0,0
1645191832851,245,https://blazedemo.com/purchase.php-4,304,Not Modified,Thread Group 1-2,,true,,177,657,10,10,https://blazedemo.com/assets/bootstrap.min.css,0,0,0
1645191832851,241,https://blazedemo.com/purchase.php-5,304,Not Modified,Thread Group 1-2,,true,,175,657,10,10,https://blazedemo.com/assets/bootstrap-table.css,0,0,0
1645191832577,608,https://blazedemo.com/purchase.php,200,OK,Thread Group 1-1,text,true,,89871,3867,10,10,https://blazedemo.com/purchase.php,354,0,0
1645191832577,360,https://blazedemo.com/purchase.php-0,200,OK,Thread Group 1-1,text,true,,5185,654,10,10,https://blazedemo.com/purchase.php,354,0,0
1645191832937,13,https://blazedemo.com/purchase.php-1,200,OK,Thread Group 1-1,text,true,,83982,587,10,10,http://ajax.googleapis.com/ajax/libs/jquery/2.0.0/jquery.min.js,7,0,0
1645191832937,246,https://blazedemo.com/purchase.php-2,304,Not Modified,Thread Group 1-1,,true,,176,655,10,10,https://blazedemo.com/assets/bootstrap.min.js,0,0,0
1645191832937,237,https://blazedemo.com/purchase.php-3,304,Not Modified,Thread Group 1-1,,true,,176,657,10,10,https://blazedemo.com/assets/bootstrap-table.js,0,0,0
1645191832937,248,https://blazedemo.com/purchase.php-4,304,Not Modified,Thread Group 1-1,,true,,177,657,10,10,https://blazedemo.com/assets/bootstrap.min.css,0,0,0
1645191832937,240,https://blazedemo.com/purchase.php-5,304,Not Modified,Thread Group 1-1,,true,,175,657,10,10,https://blazedemo.com/assets/bootstrap-table.css,0,0,0
1645191832654,633,https://blazedemo.com/reserve.php,200,OK,Thread Group 1-7,text,true,,6714,3867,10,10,https://blazedemo.com/reserve.php,363,0,0
1645191832654,375,https://blazedemo.com/reserve.php-0,200,OK,Thread Group 1-7,text,true,,5795,604,10,10,https://blazedemo.com/reserve.php,363,0,0
1645191833029,8,https://blazedemo.com/reserve.php-1,304,Not Modified,Thread Group 1-7,,true,,215,637,10,10,http://ajax.googleapis.com/ajax/libs/jquery/2.0.0/jquery.min.js,0,0,0
1645191833029,245,https://blazedemo.com/reserve.php-2,304,Not Modified,Thread Group 1-7,,true,,176,655,10,10,https://blazedemo.com/assets/bootstrap.min.js,0,0,0
1645191833029,257,https://blazedemo.com/reserve.php-3,304,Not Modified,Thread Group 1-7,,true,,176,657,10,10,https://blazedemo.com/assets/bootstrap-table.js,0,0,0
1645191833029,258,https://blazedemo.com/reserve.php-4,304,Not Modified,Thread Group 1-7,,true,,177,657,10,10,https://blazedemo.com/assets/bootstrap.min.css,0,0,0
1645191833029,243,https://blazedemo.com/reserve.php-5,304,Not Modified,Thread Group 1-7,,true,,175,657,10,10,https://blazedemo.com/assets/bootstrap-table.css,0,0,0
1645191832659,647,https://blazedemo.com/purchase.php,200,OK,Thread Group 1-3,text,true,,89871,3867,10,10,https://blazedemo.com/purchase.php,378,0,0
1645191832659,387,https://blazedemo.com/purchase.php-0,200,OK,Thread Group 1-3,text,true,,5185,654,10,10,https://blazedemo.com/purchase.php,378,0,0
1645191833047,12,https://blazedemo.com/purchase.php-1,200,OK,Thread Group 1-3,text,true,,83982,587,10,10,http://ajax.googleapis.com/ajax/libs/jquery/2.0.0/jquery.min.js,6,0,0
1645191833047,238,https://blazedemo.com/purchase.php-2,304,Not Modified,Thread Group 1-3,,true,,176,655,10,10,https://blazedemo.com/assets/bootstrap.min.js,0,0,0
1645191833047,245,https://blazedemo.com/purchase.php-3,304,Not Modified,Thread Group 1-3,,true,,176,657,10,10,https://blazedemo.com/assets/bootstrap-table.js,0,0,0
1645191833047,259,https://blazedemo.com/purchase.php-4,304,Not Modified,Thread Group 1-3,,true,,177,657,10,10,https://blazedemo.com/assets/bootstrap.min.css,0,0,0
1645191833047,241,https://blazedemo.com/purchase.php-5,304,Not Modified,Thread Group 1-3,,true,,175,657,10,10,https://blazedemo.com/assets/bootstrap-table.css,0,0,0
1645191832798,815,https://blazedemo.com/reserve.php,200,OK,Thread Group 1-8,text,true,,6714,3867,10,10,https://blazedemo.com/reserve.php,537,0,0
1645191832798,541,https://blazedemo.com/reserve.php-0,200,OK,Thread Group 1-8,text,true,,5795,604,10,10,https://blazedemo.com/reserve.php,537,0,0
1645191833340,7,https://blazedemo.com/reserve.php-1,304,Not Modified,Thread Group 1-8,,true,,215,637,10,10,http://ajax.googleapis.com/ajax/libs/jquery/2.0.0/jquery.min.js,0,0,0
1645191833340,258,https://blazedemo.com/reserve.php-2,304,Not Modified,Thread Group 1-8,,true,,176,655,10,10,https://blazedemo.com/assets/bootstrap.min.js,0,0,0
1645191833340,252,https://blazedemo.com/reserve.php-3,304,Not Modified,Thread Group 1-8,,true,,176,657,10,10,https://blazedemo.com/assets/bootstrap-table.js,0,0,0
1645191833340,273,https://blazedemo.com/reserve.php-4,304,Not Modified,Thread Group 1-8,,true,,177,657,10,10,https://blazedemo.com/assets/bootstrap.min.css,0,0,0
1645191833340,247,https://blazedemo.com/reserve.php-5,304,Not Modified,Thread Group 1-8,,true,,175,657,10,10,https://blazedemo.com/assets/bootstrap-table.css,0,0,0
1645191832414,1212,https://blazedemo.com/reserve.php,200,OK,Thread Group 1-4,text,true,,6714,3867,10,10,https://blazedemo.com/reserve.php,481,0,0
1645191832414,483,https://blazedemo.com/reserve.php-0,200,OK,Thread Group 1-4,text,true,,5795,604,10,10,https://blazedemo.com/reserve.php,481,0,0
1645191832898,7,https://blazedemo.com/reserve.php-1,304,Not Modified,Thread Group 1-4,,true,,215,637,10,10,http://ajax.googleapis.com/ajax/libs/jquery/2.0.0/jquery.min.js,0,0,0
1645191832898,238,https://blazedemo.com/reserve.php-2,304,Not Modified,Thread Group 1-4,,true,,176,655,10,10,https://blazedemo.com/assets/bootstrap.min.js,0,0,0
1645191832898,238,https://blazedemo.com/reserve.php-3,304,Not Modified,Thread Group 1-4,,true,,176,657,10,10,https://blazedemo.com/assets/bootstrap-table.js,0,0,0
1645191832898,241,https://blazedemo.com/reserve.php-4,304,Not Modified,Thread Group 1-4,,true,,177,657,10,10,https://blazedemo.com/assets/bootstrap.min.css,0,0,0
1645191832898,728,https://blazedemo.com/reserve.php-5,304,Not Modified,Thread Group 1-4,,true,,175,657,10,10,https://blazedemo.com/assets/bootstrap-table.css,0,0,0
1645191832805,905,https://blazedemo.com/reserve.php,200,OK,Thread Group 1-9,text,true,,6714,3867,10,10,https://blazedemo.com/reserve.php,649,0,0
1645191832805,657,https://blazedemo.com/reserve.php-0,200,OK,Thread Group 1-9,text,true,,5795,604,10,10,https://blazedemo.com/reserve.php,649,0,0
1645191833464,7,https://blazedemo.com/reserve.php-1,304,Not Modified,Thread Group 1-9,,true,,215,637,10,10,http://ajax.googleapis.com/ajax/libs/jquery/2.0.0/jquery.min.js,0,0,0
1645191833464,234,https://blazedemo.com/reserve.php-2,304,Not Modified,Thread Group 1-9,,true,,176,655,10,10,https://blazedemo.com/assets/bootstrap.min.js,0,0,0
1645191833464,246,https://blazedemo.com/reserve.php-3,304,Not Modified,Thread Group 1-9,,true,,176,657,10,10,https://blazedemo.com/assets/bootstrap-table.js,0,0,0
1645191833464,242,https://blazedemo.com/reserve.php-4,304,Not Modified,Thread Group 1-9,,true,,177,657,10,10,https://blazedemo.com/assets/bootstrap.min.css,0,0,0
1645191833464,238,https://blazedemo.com/reserve.php-5,304,Not Modified,Thread Group 1-9,,true,,175,657,10,10,https://blazedemo.com/assets/bootstrap-table.css,0,0,0
1645191833085,629,https://blazedemo.com/reserve.php,200,OK,Thread Group 1-10,text,true,,6714,3875,10,10,https://blazedemo.com/reserve.php,381,0,0
1645191833085,384,https://blazedemo.com/reserve.php-0,200,OK,Thread Group 1-10,text,true,,5795,612,10,10,https://blazedemo.com/reserve.php,381,0,0
1645191833470,9,https://blazedemo.com/reserve.php-1,304,Not Modified,Thread Group 1-10,,true,,215,637,10,10,http://ajax.googleapis.com/ajax/libs/jquery/2.0.0/jquery.min.js,0,0,0
1645191833470,238,https://blazedemo.com/reserve.php-2,304,Not Modified,Thread Group 1-10,,true,,176,655,10,10,https://blazedemo.com/assets/bootstrap.min.js,0,0,0
1645191833470,244,https://blazedemo.com/reserve.php-3,304,Not Modified,Thread Group 1-10,,true,,176,657,10,10,https://blazedemo.com/assets/bootstrap-table.js,0,0,0
1645191833470,234,https://blazedemo.com/reserve.php-4,304,Not Modified,Thread Group 1-10,,true,,177,657,10,10,https://blazedemo.com/assets/bootstrap.min.css,0,0,0
1645191833470,240,https://blazedemo.com/reserve.php-5,304,Not Modified,Thread Group 1-10,,true,,175,657,10,10,https://blazedemo.com/assets/bootstrap-table.css,0,0,0
1645191832906,840,https://blazedemo.com/purchase.php,200,OK,Thread Group 1-5,text,true,,89871,3867,10,10,https://blazedemo.com/purchase.php,593,0,0
1645191832906,596,https://blazedemo.com/purchase.php-0,200,OK,Thread Group 1-5,text,true,,5185,654,10,10,https://blazedemo.com/purchase.php,593,0,0
1645191833503,15,https://blazedemo.com/purchase.php-1,200,OK,Thread Group 1-5,text,true,,83982,587,10,10,http://ajax.googleapis.com/ajax/libs/jquery/2.0.0/jquery.min.js,8,0,0
1645191833503,243,https://blazedemo.com/purchase.php-2,304,Not Modified,Thread Group 1-5,,true,,176,655,10,10,https://blazedemo.com/assets/bootstrap.min.js,0,0,0
1645191833503,238,https://blazedemo.com/purchase.php-3,304,Not Modified,Thread Group 1-5,,true,,176,657,10,10,https://blazedemo.com/assets/bootstrap-table.js,0,0,0
1645191833503,240,https://blazedemo.com/purchase.php-4,304,Not Modified,Thread Group 1-5,,true,,177,657,10,10,https://blazedemo.com/assets/bootstrap.min.css,0,0,0
1645191833503,238,https://blazedemo.com/purchase.php-5,304,Not Modified,Thread Group 1-5,,true,,175,657,10,10,https://blazedemo.com/assets/bootstrap-table.css,0,0,0
1645191832857,915,https://blazedemo.com/purchase.php,200,OK,Thread Group 1-6,text,true,,89871,3867,10,10,https://blazedemo.com/purchase.php,656,0,0
1645191832857,663,https://blazedemo.com/purchase.php-0,200,OK,Thread Group 1-6,text,true,,5185,654,10,10,https://blazedemo.com/purchase.php,656,0,0
1645191833521,13,https://blazedemo.com/purchase.php-1,200,OK,Thread Group 1-6,text,true,,83982,587,10,10,http://ajax.googleapis.com/ajax/libs/jquery/2.0.0/jquery.min.js,7,0,0
1645191833521,229,https://blazedemo.com/purchase.php-2,304,Not Modified,Thread Group 1-6,,true,,176,655,10,10,https://blazedemo.com/assets/bootstrap.min.js,0,0,0
1645191833521,240,https://blazedemo.com/purchase.php-3,304,Not Modified,Thread Group 1-6,,true,,176,657,10,10,https://blazedemo.com/assets/bootstrap-table.js,0,0,0
1645191833521,237,https://blazedemo.com/purchase.php-4,304,Not Modified,Thread Group 1-6,,true,,177,657,10,10,https://blazedemo.com/assets/bootstrap.min.css,0,0,0
1645191833521,251,https://blazedemo.com/purchase.php-5,304,Not Modified,Thread Group 1-6,,true,,175,657,10,10,https://blazedemo.com/assets/bootstrap-table.css,0,0,0
1645191833098,773,https://blazedemo.com/confirmation.php,200,OK,Thread Group 1-2,text,true,,5169,4043,10,10,https://blazedemo.com/confirmation.php,515,0,0
1645191833098,521,https://blazedemo.com/confirmation.php-0,200,OK,Thread Group 1-2,text,true,,4250,780,10,10,https://blazedemo.com/confirmation.php,515,0,0
1645191833620,16,https://blazedemo.com/confirmation.php-1,304,Not Modified,Thread Group 1-2,,true,,215,637,10,10,http://ajax.googleapis.com/ajax/libs/jquery/2.0.0/jquery.min.js,0,0,0
1645191833620,251,https://blazedemo.com/confirmation.php-2,304,Not Modified,Thread Group 1-2,,true,,176,655,10,10,https://blazedemo.com/assets/bootstrap.min.js,0,0,0
1645191833620,239,https://blazedemo.com/confirmation.php-3,304,Not Modified,Thread Group 1-2,,true,,176,657,10,10,https://blazedemo.com/assets/bootstrap-table.js,0,0,0
1645191833620,237,https://blazedemo.com/confirmation.php-4,304,Not Modified,Thread Group 1-2,,true,,177,657,10,10,https://blazedemo.com/assets/bootstrap.min.css,0,0,0
1645191833620,245,https://blazedemo.com/confirmation.php-5,304,Not Modified,Thread Group 1-2,,true,,175,657,10,10,https://blazedemo.com/assets/bootstrap-table.css,0,0,0
1645191830674,3192,Test,200,"Number of samples in transaction : 4, number of failing samples : 0",Thread Group 1-2,,true,,388267,14893,10,10,null,1729,7,97
1645191833306,642,https://blazedemo.com/confirmation.php,200,OK,Thread Group 1-3,text,true,,5169,4043,9,9,https://blazedemo.com/confirmation.php,392,0,0
1645191833306,398,https://blazedemo.com/confirmation.php-0,200,OK,Thread Group 1-3,text,true,,4250,780,9,9,https://blazedemo.com/confirmation.php,392,0,0
1645191833706,7,https://blazedemo.com/confirmation.php-1,304,Not Modified,Thread Group 1-3,,true,,215,637,9,9,http://ajax.googleapis.com/ajax/libs/jquery/2.0.0/jquery.min.js,0,0,0
1645191833706,242,https://blazedemo.com/confirmation.php-2,304,Not Modified,Thread Group 1-3,,true,,176,655,9,9,https://blazedemo.com/assets/bootstrap.min.js,0,0,0
1645191833706,231,https://blazedemo.com/confirmation.php-3,304,Not Modified,Thread Group 1-3,,true,,176,657,9,9,https://blazedemo.com/assets/bootstrap-table.js,0,0,0
1645191833706,240,https://blazedemo.com/confirmation.php-4,304,Not Modified,Thread Group 1-3,,true,,177,657,9,9,https://blazedemo.com/assets/bootstrap.min.css,0,0,0
1645191833706,241,https://blazedemo.com/confirmation.php-5,304,Not Modified,Thread Group 1-3,,true,,175,657,9,9,https://blazedemo.com/assets/bootstrap-table.css,0,0,0
1645191830773,3170,Test,200,"Number of samples in transaction : 4, number of failing samples : 0",Thread Group 1-3,,true,,388267,14893,9,9,null,1562,6,104
1645191833186,768,https://blazedemo.com/confirmation.php,200,OK,Thread Group 1-1,text,true,,5169,4042,8,8,https://blazedemo.com/confirmation.php,516,0,0
1645191833186,519,https://blazedemo.com/confirmation.php-0,200,OK,Thread Group 1-1,text,true,,4250,779,8,8,https://blazedemo.com/confirmation.php,516,0,0
1645191833708,12,https://blazedemo.com/confirmation.php-1,304,Not Modified,Thread Group 1-1,,true,,215,637,8,8,http://ajax.googleapis.com/ajax/libs/jquery/2.0.0/jquery.min.js,0,0,0
1645191833710,243,https://blazedemo.com/confirmation.php-2,304,Not Modified,Thread Group 1-1,,true,,176,655,8,8,https://blazedemo.com/assets/bootstrap.min.js,0,0,0
1645191833710,240,https://blazedemo.com/confirmation.php-3,304,Not Modified,Thread Group 1-1,,true,,176,657,8,8,https://blazedemo.com/assets/bootstrap-table.js,0,0,0
1645191833709,245,https://blazedemo.com/confirmation.php-4,304,Not Modified,Thread Group 1-1,,true,,177,657,8,8,https://blazedemo.com/assets/bootstrap.min.css,0,0,0
1645191833710,242,https://blazedemo.com/confirmation.php-5,304,Not Modified,Thread Group 1-1,,true,,175,657,8,8,https://blazedemo.com/assets/bootstrap-table.css,0,0,0
1645191830580,3360,Test,200,"Number of samples in transaction : 4, number of failing samples : 0",Thread Group 1-1,,true,,388267,14892,8,8,null,1807,16,96
1645191833627,616,https://blazedemo.com/purchase.php,200,OK,Thread Group 1-4,text,true,,89871,3867,7,7,https://blazedemo.com/purchase.php,365,0,0
1645191833627,376,https://blazedemo.com/purchase.php-0,200,OK,Thread Group 1-4,text,true,,5185,654,7,7,https://blazedemo.com/purchase.php,365,0,0
1645191834004,14,https://blazedemo.com/purchase.php-1,200,OK,Thread Group 1-4,text,true,,83982,587,7,7,http://ajax.googleapis.com/ajax/libs/jquery/2.0.0/jquery.min.js,8,0,0
1645191834004,235,https://blazedemo.com/purchase.php-2,304,Not Modified,Thread Group 1-4,,true,,176,655,7,7,https://blazedemo.com/assets/bootstrap.min.js,0,0,0
1645191834004,239,https://blazedemo.com/purchase.php-3,304,Not Modified,Thread Group 1-4,,true,,176,657,7,7,https://blazedemo.com/assets/bootstrap-table.js,0,0,0
1645191834004,238,https://blazedemo.com/purchase.php-4,304,Not Modified,Thread Group 1-4,,true,,177,657,7,7,https://blazedemo.com/assets/bootstrap.min.css,0,0,0
1645191834004,238,https://blazedemo.com/purchase.php-5,304,Not Modified,Thread Group 1-4,,true,,175,657,7,7,https://blazedemo.com/assets/bootstrap-table.css,0,0,0
1645191833747,659,https://blazedemo.com/confirmation.php,200,OK,Thread Group 1-5,text,true,,5169,4043,7,7,https://blazedemo.com/confirmation.php,386,0,0
1645191833747,397,https://blazedemo.com/confirmation.php-0,200,OK,Thread Group 1-5,text,true,,4250,780,7,7,https://blazedemo.com/confirmation.php,386,0,0
1645191834146,6,https://blazedemo.com/confirmation.php-1,304,Not Modified,Thread Group 1-5,,true,,215,637,7,7,http://ajax.googleapis.com/ajax/libs/jquery/2.0.0/jquery.min.js,0,0,0
1645191834146,248,https://blazedemo.com/confirmation.php-2,304,Not Modified,Thread Group 1-5,,true,,176,655,7,7,https://blazedemo.com/assets/bootstrap.min.js,0,0,0
1645191834146,260,https://blazedemo.com/confirmation.php-3,304,Not Modified,Thread Group 1-5,,true,,176,657,7,7,https://blazedemo.com/assets/bootstrap-table.js,0,0,0
1645191834146,244,https://blazedemo.com/confirmation.php-4,304,Not Modified,Thread Group 1-5,,true,,177,657,7,7,https://blazedemo.com/assets/bootstrap.min.css,0,0,0
1645191834146,248,https://blazedemo.com/confirmation.php-5,304,Not Modified,Thread Group 1-5,,true,,175,657,7,7,https://blazedemo.com/assets/bootstrap-table.css,0,0,0
1645191830973,3429,Test,200,"Number of samples in transaction : 4, number of failing samples : 0",Thread Group 1-5,,true,,388267,14893,7,7,null,1751,6,98
1645191833614,797,https://blazedemo.com/purchase.php,200,OK,Thread Group 1-8,text,true,,89871,3867,6,6,https://blazedemo.com/purchase.php,545,0,0
1645191833614,553,https://blazedemo.com/purchase.php-0,200,OK,Thread Group 1-8,text,true,,5185,654,6,6,https://blazedemo.com/purchase.php,545,0,0
1645191834170,14,https://blazedemo.com/purchase.php-1,200,OK,Thread Group 1-8,text,true,,83982,587,6,6,http://ajax.googleapis.com/ajax/libs/jquery/2.0.0/jquery.min.js,8,0,0
1645191834169,239,https://blazedemo.com/purchase.php-2,304,Not Modified,Thread Group 1-8,,true,,176,655,6,6,https://blazedemo.com/assets/bootstrap.min.js,0,0,0
1645191834170,238,https://blazedemo.com/purchase.php-3,304,Not Modified,Thread Group 1-8,,true,,176,657,6,6,https://blazedemo.com/assets/bootstrap-table.js,0,0,0
1645191834170,241,https://blazedemo.com/purchase.php-4,304,Not Modified,Thread Group 1-8,,true,,177,657,6,6,https://blazedemo.com/assets/bootstrap.min.css,0,0,0
1645191834170,241,https://blazedemo.com/purchase.php-5,304,Not Modified,Thread Group 1-8,,true,,175,657,6,6,https://blazedemo.com/assets/bootstrap-table.css,0,0,0
1645191833772,680,https://blazedemo.com/confirmation.php,200,OK,Thread Group 1-6,text,true,,5169,4043,6,6,https://blazedemo.com/confirmation.php,414,0,0
1645191833772,421,https://blazedemo.com/confirmation.php-0,200,OK,Thread Group 1-6,text,true,,4250,780,6,6,https://blazedemo.com/confirmation.php,414,0,0
1645191834196,13,https://blazedemo.com/confirmation.php-1,304,Not Modified,Thread Group 1-6,,true,,215,637,6,6,http://ajax.googleapis.com/ajax/libs/jquery/2.0.0/jquery.min.js,0,0,0
1645191834196,243,https://blazedemo.com/confirmation.php-2,304,Not Modified,Thread Group 1-6,,true,,176,655,6,6,https://blazedemo.com/assets/bootstrap.min.js,0,0,0
1645191834196,256,https://blazedemo.com/confirmation.php-3,304,Not Modified,Thread Group 1-6,,true,,176,657,6,6,https://blazedemo.com/assets/bootstrap-table.js,0,0,0
1645191834196,236,https://blazedemo.com/confirmation.php-4,304,Not Modified,Thread Group 1-6,,true,,177,657,6,6,https://blazedemo.com/assets/bootstrap.min.css,0,0,0
1645191834196,241,https://blazedemo.com/confirmation.php-5,304,Not Modified,Thread Group 1-6,,true,,175,657,6,6,https://blazedemo.com/assets/bootstrap-table.css,0,0,0
1645191831086,3365,Test,200,"Number of samples in transaction : 4, number of failing samples : 0",Thread Group 1-6,,true,,388267,14893,6,6,null,1978,3,99
1645191833713,829,https://blazedemo.com/purchase.php,200,OK,Thread Group 1-9,text,true,,89871,3867,5,5,https://blazedemo.com/purchase.php,579,0,0
1645191833713,584,https://blazedemo.com/purchase.php-0,200,OK,Thread Group 1-9,text,true,,5185,654,5,5,https://blazedemo.com/purchase.php,579,0,0
1645191834299,16,https://blazedemo.com/purchase.php-1,200,OK,Thread Group 1-9,text,true,,83982,587,5,5,http://ajax.googleapis.com/ajax/libs/jquery/2.0.0/jquery.min.js,10,0,0
1645191834299,237,https://blazedemo.com/purchase.php-2,304,Not Modified,Thread Group 1-9,,true,,176,655,5,5,https://blazedemo.com/assets/bootstrap.min.js,0,0,0
1645191834299,236,https://blazedemo.com/purchase.php-3,304,Not Modified,Thread Group 1-9,,true,,176,657,5,5,https://blazedemo.com/assets/bootstrap-table.js,0,0,0
1645191834299,243,https://blazedemo.com/purchase.php-4,304,Not Modified,Thread Group 1-9,,true,,177,657,5,5,https://blazedemo.com/assets/bootstrap.min.css,0,0,0
1645191834299,236,https://blazedemo.com/purchase.php-5,304,Not Modified,Thread Group 1-9,,true,,175,657,5,5,https://blazedemo.com/assets/bootstrap-table.css,0,0,0
1645191833287,1341,https://blazedemo.com/purchase.php,200,OK,Thread Group 1-7,text,true,,89871,3867,5,5,https://blazedemo.com/purchase.php,1084,0,0
1645191833716,912,https://blazedemo.com/purchase.php,200,OK,Thread Group 1-10,text,true,,89871,3875,5,5,https://blazedemo.com/purchase.php,666,0,0
1645191833287,1087,https://blazedemo.com/purchase.php-0,200,OK,Thread Group 1-7,text,true,,5185,654,5,5,https://blazedemo.com/purchase.php,1084,0,0
1645191833716,668,https://blazedemo.com/purchase.php-0,200,OK,Thread Group 1-10,text,true,,5185,662,5,5,https://blazedemo.com/purchase.php,666,0,0
1645191834375,19,https://blazedemo.com/purchase.php-1,200,OK,Thread Group 1-7,text,true,,83982,587,5,5,http://ajax.googleapis.com/ajax/libs/jquery/2.0.0/jquery.min.js,13,0,0
1645191834385,23,https://blazedemo.com/purchase.php-1,200,OK,Thread Group 1-10,text,true,,83982,587,5,5,http://ajax.googleapis.com/ajax/libs/jquery/2.0.0/jquery.min.js,10,0,0
1645191834385,243,https://blazedemo.com/purchase.php-2,304,Not Modified,Thread Group 1-10,,true,,176,655,5,5,https://blazedemo.com/assets/bootstrap.min.js,0,0,0
1645191834375,238,https://blazedemo.com/purchase.php-2,304,Not Modified,Thread Group 1-7,,true,,176,655,5,5,https://blazedemo.com/assets/bootstrap.min.js,0,0,0
1645191834385,239,https://blazedemo.com/purchase.php-3,304,Not Modified,Thread Group 1-10,,true,,176,657,5,5,https://blazedemo.com/assets/bootstrap-table.js,0,0,0
1645191834375,253,https://blazedemo.com/purchase.php-3,304,Not Modified,Thread Group 1-7,,true,,176,657,5,5,https://blazedemo.com/assets/bootstrap-table.js,0,0,0
1645191834385,243,https://blazedemo.com/purchase.php-4,304,Not Modified,Thread Group 1-10,,true,,177,657,5,5,https://blazedemo.com/assets/bootstrap.min.css,0,0,0
1645191834375,253,https://blazedemo.com/purchase.php-4,304,Not Modified,Thread Group 1-7,,true,,177,657,5,5,https://blazedemo.com/assets/bootstrap.min.css,0,0,0
1645191834385,232,https://blazedemo.com/purchase.php-5,304,Not Modified,Thread Group 1-10,,true,,175,657,5,5,https://blazedemo.com/assets/bootstrap-table.css,0,0,0
1645191834375,238,https://blazedemo.com/purchase.php-5,304,Not Modified,Thread Group 1-7,,true,,175,657,5,5,https://blazedemo.com/assets/bootstrap-table.css,0,0,0
1645191834244,604,https://blazedemo.com/confirmation.php,200,OK,Thread Group 1-4,text,true,,5169,4043,5,5,https://blazedemo.com/confirmation.php,341,0,0
1645191834244,350,https://blazedemo.com/confirmation.php-0,200,OK,Thread Group 1-4,text,true,,4250,780,5,5,https://blazedemo.com/confirmation.php,341,0,0
1645191834595,6,https://blazedemo.com/confirmation.php-1,304,Not Modified,Thread Group 1-4,,true,,215,637,5,5,http://ajax.googleapis.com/ajax/libs/jquery/2.0.0/jquery.min.js,0,0,0
1645191834595,240,https://blazedemo.com/confirmation.php-2,304,Not Modified,Thread Group 1-4,,true,,176,655,5,5,https://blazedemo.com/assets/bootstrap.min.js,0,0,0
1645191834595,234,https://blazedemo.com/confirmation.php-3,304,Not Modified,Thread Group 1-4,,true,,176,657,5,5,https://blazedemo.com/assets/bootstrap-table.js,0,0,0
1645191834595,245,https://blazedemo.com/confirmation.php-4,304,Not Modified,Thread Group 1-4,,true,,177,657,5,5,https://blazedemo.com/assets/bootstrap.min.css,0,0,0
1645191834595,253,https://blazedemo.com/confirmation.php-5,304,Not Modified,Thread Group 1-4,,true,,175,657,5,5,https://blazedemo.com/assets/bootstrap-table.css,0,0,0
1645191830879,3952,Test,200,"Number of samples in transaction : 4, number of failing samples : 0",Thread Group 1-4,,true,,388267,14893,5,5,null,1767,19,106
1645191834412,715,https://blazedemo.com/confirmation.php,200,OK,Thread Group 1-8,text,true,,5169,4043,4,4,https://blazedemo.com/confirmation.php,465,0,0
1645191834412,473,https://blazedemo.com/confirmation.php-0,200,OK,Thread Group 1-8,text,true,,4250,780,4,4,https://blazedemo.com/confirmation.php,465,0,0
1645191834886,7,https://blazedemo.com/confirmation.php-1,304,Not Modified,Thread Group 1-8,,true,,215,637,4,4,http://ajax.googleapis.com/ajax/libs/jquery/2.0.0/jquery.min.js,0,0,0
1645191834886,240,https://blazedemo.com/confirmation.php-2,304,Not Modified,Thread Group 1-8,,true,,176,655,4,4,https://blazedemo.com/assets/bootstrap.min.js,0,0,0
1645191834886,238,https://blazedemo.com/confirmation.php-3,304,Not Modified,Thread Group 1-8,,true,,176,657,4,4,https://blazedemo.com/assets/bootstrap-table.js,0,0,0
1645191834886,241,https://blazedemo.com/confirmation.php-4,304,Not Modified,Thread Group 1-8,,true,,177,657,4,4,https://blazedemo.com/assets/bootstrap.min.css,0,0,0
1645191834886,236,https://blazedemo.com/confirmation.php-5,304,Not Modified,Thread Group 1-8,,true,,175,657,4,4,https://blazedemo.com/assets/bootstrap-table.css,0,0,0
1645191831278,3844,Test,200,"Number of samples in transaction : 4, number of failing samples : 0",Thread Group 1-8,,true,,388267,14893,4,4,null,2406,7,94
1645191834629,617,https://blazedemo.com/confirmation.php,200,OK,Thread Group 1-10,text,true,,5169,4058,3,3,https://blazedemo.com/confirmation.php,366,0,0
1645191834629,374,https://blazedemo.com/confirmation.php-0,200,OK,Thread Group 1-10,text,true,,4250,795,3,3,https://blazedemo.com/confirmation.php,366,0,0
1645191835006,6,https://blazedemo.com/confirmation.php-1,304,Not Modified,Thread Group 1-10,,true,,215,637,3,3,http://ajax.googleapis.com/ajax/libs/jquery/2.0.0/jquery.min.js,0,0,0
1645191835006,240,https://blazedemo.com/confirmation.php-2,304,Not Modified,Thread Group 1-10,,true,,176,655,3,3,https://blazedemo.com/assets/bootstrap.min.js,0,0,0
1645191835006,240,https://blazedemo.com/confirmation.php-3,304,Not Modified,Thread Group 1-10,,true,,176,657,3,3,https://blazedemo.com/assets/bootstrap-table.js,0,0,0
1645191835006,237,https://blazedemo.com/confirmation.php-4,304,Not Modified,Thread Group 1-10,,true,,177,657,3,3,https://blazedemo.com/assets/bootstrap.min.css,0,0,0
1645191835006,240,https://blazedemo.com/confirmation.php-5,304,Not Modified,Thread Group 1-10,,true,,175,657,3,3,https://blazedemo.com/assets/bootstrap-table.css,0,0,0
1645191831479,3764,Test,200,"Number of samples in transaction : 4, number of failing samples : 0",Thread Group 1-10,,true,,388267,14924,3,3,null,1839,5,94
1645191834542,797,https://blazedemo.com/confirmation.php,200,OK,Thread Group 1-9,text,true,,5169,4043,2,2,https://blazedemo.com/confirmation.php,539,0,0
1645191834542,546,https://blazedemo.com/confirmation.php-0,200,OK,Thread Group 1-9,text,true,,4250,780,2,2,https://blazedemo.com/confirmation.php,539,0,0
1645191835091,9,https://blazedemo.com/confirmation.php-1,304,Not Modified,Thread Group 1-9,,true,,215,637,2,2,http://ajax.googleapis.com/ajax/libs/jquery/2.0.0/jquery.min.js,0,0,0
1645191835091,248,https://blazedemo.com/confirmation.php-2,304,Not Modified,Thread Group 1-9,,true,,176,655,2,2,https://blazedemo.com/assets/bootstrap.min.js,0,0,0
1645191835091,231,https://blazedemo.com/confirmation.php-3,304,Not Modified,Thread Group 1-9,,true,,176,657,2,2,https://blazedemo.com/assets/bootstrap-table.js,0,0,0
1645191835091,238,https://blazedemo.com/confirmation.php-4,304,Not Modified,Thread Group 1-9,,true,,177,657,2,2,https://blazedemo.com/assets/bootstrap.min.css,0,0,0
1645191835091,241,https://blazedemo.com/confirmation.php-5,304,Not Modified,Thread Group 1-9,,true,,175,657,2,2,https://blazedemo.com/assets/bootstrap-table.css,0,0,0
1645191831380,3953,Test,200,"Number of samples in transaction : 4, number of failing samples : 0",Thread Group 1-9,,true,,388267,14893,2,2,null,2323,8,100
1645191834629,1509,https://blazedemo.com/confirmation.php,200,OK,Thread Group 1-7,text,true,,5169,4043,1,1,https://blazedemo.com/confirmation.php,1250,0,0
1645191834629,1252,https://blazedemo.com/confirmation.php-0,200,OK,Thread Group 1-7,text,true,,4250,780,1,1,https://blazedemo.com/confirmation.php,1250,0,0
1645191835883,8,https://blazedemo.com/confirmation.php-1,304,Not Modified,Thread Group 1-7,,true,,215,637,1,1,http://ajax.googleapis.com/ajax/libs/jquery/2.0.0/jquery.min.js,0,0,0
1645191835883,240,https://blazedemo.com/confirmation.php-2,304,Not Modified,Thread Group 1-7,,true,,176,655,1,1,https://blazedemo.com/assets/bootstrap.min.js,0,0,0
1645191835883,240,https://blazedemo.com/confirmation.php-3,304,Not Modified,Thread Group 1-7,,true,,176,657,1,1,https://blazedemo.com/assets/bootstrap-table.js,0,0,0
1645191835883,255,https://blazedemo.com/confirmation.php-4,304,Not Modified,Thread Group 1-7,,true,,177,657,1,1,https://blazedemo.com/assets/bootstrap.min.css,0,0,0
1645191835883,242,https://blazedemo.com/confirmation.php-5,304,Not Modified,Thread Group 1-7,,true,,175,657,1,1,https://blazedemo.com/assets/bootstrap-table.css,0,0,0
1645191831181,4954,Test,200,"Number of samples in transaction : 4, number of failing samples : 0",Thread Group 1-7,,true,,388267,14893,1,1,null,3232,4,94
