{
	"info": {
		"_postman_id": "299b8d65-697e-44a8-86b0-f8343873536e",
		"name": "Dummy_API",
		"schema": "https://schema.getpostman.com/json/collection/v2.1.0/collection.json"
	},
	"item": [
		{
			"name": "Employees",
			"event": [
				{
					"listen": "test",
					"script": {
						"exec": [
							"pm.test(\"Status code is 200\", function () {\r",
							"  pm.response.to.have.status(200);\r",
							"});\r",
							"pm.test(\"Status message is Success\", () => {\r",
							"  const responseJson = pm.response.json();\r",
							"  pm.expect(responseJson.status).to.eql(\"success\");\r",
							"});\r",
							"      let jsonData = pm.response.json();\r",
							"                    let Order;\r",
							"                    for(let filter of jsonData.data){\r",
							"                     \r",
							"            \r",
							"        if(filter.employee_name == \"Ashton Cox\"){\r",
							"            Order=filter;\r",
							"            console.log(Order);\r",
							"        }\r",
							"    }\r",
							"        pm.test(\"verify the array status\", function(){\r",
							"            pm.expect(Order.employee_name).to.eql(\"Ashton Cox\");\r",
							"          \r",
							"        });\r",
							""
						],
						"type": "text/javascript"
					}
				}
			],
			"request": {
				"method": "GET",
				"header": [],
				"url": {
					"raw": "{{Host}}/api/v1/employees",
					"host": [
						"{{Host}}"
					],
					"path": [
						"api",
						"v1",
						"employees"
					]
				}
			},
			"response": []
		},
		{
			"name": "Employees_{id}",
			"event": [
				{
					"listen": "test",
					"script": {
						"exec": [
							"pm.test(\"Status code is 200\", function () {\r",
							"  pm.response.to.have.status(200);\r",
							"});\r",
							"pm.test(\"Status message is Success\", () => {\r",
							"  const responseJson = pm.response.json();\r",
							"  pm.expect(responseJson.status).to.eql(\"success\");\r",
							"});\r",
							"      let jsonData = pm.response.json();\r",
							"                    let Order;\r",
							"                    for(let filter of jsonData.data){\r",
							"                     \r",
							"            \r",
							"        if(filter.employee_name == \"Tiger Nixon\"){\r",
							"            Order=filter;\r",
							"            console.log(Order);\r",
							"        }\r",
							"    }\r",
							"        pm.test(\"verify the array status\", function(){\r",
							"            pm.expect(Order.employee_name).to.eql(\"Tiger Nixon\");\r",
							"          \r",
							"        });\r",
							""
						],
						"type": "text/javascript"
					}
				}
			],
			"request": {
				"method": "GET",
				"header": [],
				"url": {
					"raw": "{{Host}}/api/v1/employee/1",
					"host": [
						"{{Host}}"
					],
					"path": [
						"api",
						"v1",
						"employee",
						"1"
					]
				}
			},
			"response": []
		},
		{
			"name": "Delete_{id}",
			"event": [
				{
					"listen": "test",
					"script": {
						"exec": [
							""
						],
						"type": "text/javascript"
					}
				}
			],
			"request": {
				"method": "DELETE",
				"header": [],
				"url": {
					"raw": "{{Host}}/api/v1/delete/2",
					"host": [
						"{{Host}}"
					],
					"path": [
						"api",
						"v1",
						"delete",
						"2"
					]
				}
			},
			"response": []
		}
	]
}