{
  "https://blazedemo.com/" : {
    "transaction" : "https://blazedemo.com/",
    "sampleCount" : 10,
    "errorCount" : 0,
    "errorPct" : 0.0,
    "meanResTime" : 1673.8,
    "medianResTime" : 1642.5,
    "minResTime" : 1326.0,
    "maxResTime" : 2163.0,
    "pct1ResTime" : 2148.2,
    "pct2ResTime" : 2163.0,
    "pct3ResTime" : 2163.0,
    "throughput" : 4.424778761061947,
    "receivedKBytesPerSec" : 1238.0392699115046,
    "sentKBytesPerSec" : 13.464463495575222
  },
  "https://blazedemo.com/purchase.php" : {
    "transaction" : "https://blazedemo.com/purchase.php",
    "sampleCount" : 10,
    "errorCount" : 0,
    "errorPct" : 0.0,
    "meanResTime" : 855.6,
    "medianResTime" : 800.5,
    "minResTime" : 690.0,
    "maxResTime" : 1045.0,
    "pct1ResTime" : 1044.1,
    "pct2ResTime" : 1045.0,
    "pct3ResTime" : 1045.0,
    "throughput" : 8.703220191470844,
    "receivedKBytesPerSec" : 763.8265611401218,
    "sentKBytesPerSec" : 32.92604982593559
  },
  "https://blazedemo.com/reserve.php-0" : {
    "transaction" : "https://blazedemo.com/reserve.php-0",
    "sampleCount" : 10,
    "errorCount" : 0,
    "errorPct" : 0.0,
    "meanResTime" : 521.3000000000001,
    "medianResTime" : 518.0,
    "minResTime" : 462.0,
    "maxResTime" : 580.0,
    "pct1ResTime" : 578.0,
    "pct2ResTime" : 580.0,
    "pct3ResTime" : 580.0,
    "throughput" : 15.337423312883436,
    "receivedKBytesPerSec" : 87.63599980828221,
    "sentKBytesPerSec" : 9.151528949386503
  },
  "https://blazedemo.com/purchase.php-5" : {
    "transaction" : "https://blazedemo.com/purchase.php-5",
    "sampleCount" : 10,
    "errorCount" : 0,
    "errorPct" : 0.0,
    "meanResTime" : 244.1,
    "medianResTime" : 241.5,
    "minResTime" : 236.0,
    "maxResTime" : 255.0,
    "pct1ResTime" : 255.0,
    "pct2ResTime" : 255.0,
    "pct3ResTime" : 255.0,
    "throughput" : 14.22475106685633,
    "receivedKBytesPerSec" : 2.430987731152205,
    "sentKBytesPerSec" : 9.126622510668565
  },
  "https://blazedemo.com/purchase.php-4" : {
    "transaction" : "https://blazedemo.com/purchase.php-4",
    "sampleCount" : 10,
    "errorCount" : 0,
    "errorPct" : 0.0,
    "meanResTime" : 244.5,
    "medianResTime" : 243.5,
    "minResTime" : 237.0,
    "maxResTime" : 255.0,
    "pct1ResTime" : 254.9,
    "pct2ResTime" : 255.0,
    "pct3ResTime" : 255.0,
    "throughput" : 14.22475106685633,
    "receivedKBytesPerSec" : 2.4587704480796586,
    "sentKBytesPerSec" : 9.126622510668565
  },
  "https://blazedemo.com/reserve.php-3" : {
    "transaction" : "https://blazedemo.com/reserve.php-3",
    "sampleCount" : 10,
    "errorCount" : 0,
    "errorPct" : 0.0,
    "meanResTime" : 244.0,
    "medianResTime" : 241.5,
    "minResTime" : 235.0,
    "maxResTime" : 268.0,
    "pct1ResTime" : 265.8,
    "pct2ResTime" : 268.0,
    "pct3ResTime" : 268.0,
    "throughput" : 23.64066193853428,
    "receivedKBytesPerSec" : 4.0632387706855795,
    "sentKBytesPerSec" : 15.167885638297873
  },
  "https://blazedemo.com/reserve.php-4" : {
    "transaction" : "https://blazedemo.com/reserve.php-4",
    "sampleCount" : 10,
    "errorCount" : 0,
    "errorPct" : 0.0,
    "meanResTime" : 244.4,
    "medianResTime" : 242.0,
    "minResTime" : 239.0,
    "maxResTime" : 268.0,
    "pct1ResTime" : 265.6,
    "pct2ResTime" : 268.0,
    "pct3ResTime" : 268.0,
    "throughput" : 23.64066193853428,
    "receivedKBytesPerSec" : 4.086325354609929,
    "sentKBytesPerSec" : 15.167885638297873
  },
  "https://blazedemo.com/reserve.php-1" : {
    "transaction" : "https://blazedemo.com/reserve.php-1",
    "sampleCount" : 10,
    "errorCount" : 0,
    "errorPct" : 0.0,
    "meanResTime" : 10.099999999999998,
    "medianResTime" : 8.5,
    "minResTime" : 5.0,
    "maxResTime" : 20.0,
    "pct1ResTime" : 19.400000000000002,
    "pct2ResTime" : 20.0,
    "pct3ResTime" : 20.0,
    "throughput" : 49.75124378109453,
    "receivedKBytesPerSec" : 10.397232587064677,
    "sentKBytesPerSec" : 30.948771766169152
  },
  "https://blazedemo.com/confirmation.php" : {
    "transaction" : "https://blazedemo.com/confirmation.php",
    "sampleCount" : 10,
    "errorCount" : 0,
    "errorPct" : 0.0,
    "meanResTime" : 765.7,
    "medianResTime" : 751.5,
    "minResTime" : 733.0,
    "maxResTime" : 838.0,
    "pct1ResTime" : 835.9,
    "pct2ResTime" : 838.0,
    "pct3ResTime" : 838.0,
    "throughput" : 7.8431372549019605,
    "receivedKBytesPerSec" : 39.58639705882353,
    "sentKBytesPerSec" : 30.932138480392158
  },
  "https://blazedemo.com/reserve.php-2" : {
    "transaction" : "https://blazedemo.com/reserve.php-2",
    "sampleCount" : 10,
    "errorCount" : 0,
    "errorPct" : 0.0,
    "meanResTime" : 243.39999999999998,
    "medianResTime" : 241.5,
    "minResTime" : 235.0,
    "maxResTime" : 270.0,
    "pct1ResTime" : 267.7,
    "pct2ResTime" : 270.0,
    "pct3ResTime" : 270.0,
    "throughput" : 23.64066193853428,
    "receivedKBytesPerSec" : 4.0632387706855795,
    "sentKBytesPerSec" : 15.121712470449173
  },
  "https://blazedemo.com/reserve.php-5" : {
    "transaction" : "https://blazedemo.com/reserve.php-5",
    "sampleCount" : 10,
    "errorCount" : 0,
    "errorPct" : 0.0,
    "meanResTime" : 245.9,
    "medianResTime" : 242.5,
    "minResTime" : 235.0,
    "maxResTime" : 280.0,
    "pct1ResTime" : 276.8,
    "pct2ResTime" : 280.0,
    "pct3ResTime" : 280.0,
    "throughput" : 23.64066193853428,
    "receivedKBytesPerSec" : 4.04015218676123,
    "sentKBytesPerSec" : 15.167885638297873
  },
  "https://blazedemo.com/purchase.php-3" : {
    "transaction" : "https://blazedemo.com/purchase.php-3",
    "sampleCount" : 10,
    "errorCount" : 0,
    "errorPct" : 0.0,
    "meanResTime" : 244.7,
    "medianResTime" : 242.0,
    "minResTime" : 234.0,
    "maxResTime" : 266.0,
    "pct1ResTime" : 264.9,
    "pct2ResTime" : 266.0,
    "pct3ResTime" : 266.0,
    "throughput" : 14.22475106685633,
    "receivedKBytesPerSec" : 2.444879089615932,
    "sentKBytesPerSec" : 9.126622510668565
  },
  "https://blazedemo.com/purchase.php-2" : {
    "transaction" : "https://blazedemo.com/purchase.php-2",
    "sampleCount" : 10,
    "errorCount" : 0,
    "errorPct" : 0.0,
    "meanResTime" : 244.2,
    "medianResTime" : 243.0,
    "minResTime" : 235.0,
    "maxResTime" : 256.0,
    "pct1ResTime" : 255.4,
    "pct2ResTime" : 256.0,
    "pct3ResTime" : 256.0,
    "throughput" : 14.204545454545453,
    "receivedKBytesPerSec" : 2.44140625,
    "sentKBytesPerSec" : 9.085915305397728
  },
  "https://blazedemo.com/purchase.php-1" : {
    "transaction" : "https://blazedemo.com/purchase.php-1",
    "sampleCount" : 10,
    "errorCount" : 0,
    "errorPct" : 0.0,
    "meanResTime" : 16.700000000000003,
    "medianResTime" : 15.5,
    "minResTime" : 13.0,
    "maxResTime" : 26.0,
    "pct1ResTime" : 25.300000000000004,
    "pct2ResTime" : 26.0,
    "pct3ResTime" : 26.0,
    "throughput" : 21.505376344086024,
    "receivedKBytesPerSec" : 1763.713877688172,
    "sentKBytesPerSec" : 12.327788978494622
  },
  "https://blazedemo.com/purchase.php-0" : {
    "transaction" : "https://blazedemo.com/purchase.php-0",
    "sampleCount" : 10,
    "errorCount" : 0,
    "errorPct" : 0.0,
    "meanResTime" : 604.3000000000001,
    "medianResTime" : 555.5,
    "minResTime" : 441.0,
    "maxResTime" : 793.0,
    "pct1ResTime" : 790.3,
    "pct2ResTime" : 793.0,
    "pct3ResTime" : 793.0,
    "throughput" : 11.223344556677889,
    "receivedKBytesPerSec" : 56.82914211560045,
    "sentKBytesPerSec" : 7.244756593714927
  },
  "Test" : {
    "transaction" : "Test",
    "sampleCount" : 10,
    "errorCount" : 0,
    "errorPct" : 0.0,
    "meanResTime" : 4077.7,
    "medianResTime" : 4084.5,
    "minResTime" : 3631.0,
    "maxResTime" : 4870.0,
    "pct1ResTime" : 4809.200000000001,
    "pct2ResTime" : 4870.0,
    "pct3ResTime" : 4870.0,
    "throughput" : 2.043318348998774,
    "receivedKBytesPerSec" : 774.8634329025336,
    "sentKBytesPerSec" : 29.736866890580302
  },
  "https://blazedemo.com/reserve.php" : {
    "transaction" : "https://blazedemo.com/reserve.php",
    "sampleCount" : 10,
    "errorCount" : 0,
    "errorPct" : 0.0,
    "meanResTime" : 782.6,
    "medianResTime" : 771.5,
    "minResTime" : 740.0,
    "maxResTime" : 835.0,
    "pct1ResTime" : 835.0,
    "pct2ResTime" : 835.0,
    "pct3ResTime" : 835.0,
    "throughput" : 11.135857461024498,
    "receivedKBytesPerSec" : 73.61193276726058,
    "sentKBytesPerSec" : 42.12921074610245
  },
  "https://blazedemo.com/-5" : {
    "transaction" : "https://blazedemo.com/-5",
    "sampleCount" : 10,
    "errorCount" : 0,
    "errorPct" : 0.0,
    "meanResTime" : 372.8,
    "medianResTime" : 370.0,
    "minResTime" : 350.0,
    "maxResTime" : 395.0,
    "pct1ResTime" : 394.7,
    "pct2ResTime" : 395.0,
    "pct3ResTime" : 395.0,
    "throughput" : 16.260162601626018,
    "receivedKBytesPerSec" : 64.5801575203252,
    "sentKBytesPerSec" : 8.288871951219512
  },
  "https://blazedemo.com/-4" : {
    "transaction" : "https://blazedemo.com/-4",
    "sampleCount" : 10,
    "errorCount" : 0,
    "errorPct" : 0.0,
    "meanResTime" : 687.9,
    "medianResTime" : 666.0,
    "minResTime" : 529.0,
    "maxResTime" : 875.0,
    "pct1ResTime" : 866.5,
    "pct2ResTime" : 875.0,
    "pct3ResTime" : 875.0,
    "throughput" : 9.920634920634921,
    "receivedKBytesPerSec" : 1228.1339130704364,
    "sentKBytesPerSec" : 5.037822420634921
  },
  "https://blazedemo.com/-3" : {
    "transaction" : "https://blazedemo.com/-3",
    "sampleCount" : 10,
    "errorCount" : 0,
    "errorPct" : 0.0,
    "meanResTime" : 486.8,
    "medianResTime" : 450.5,
    "minResTime" : 315.0,
    "maxResTime" : 658.0,
    "pct1ResTime" : 654.8,
    "pct2ResTime" : 658.0,
    "pct3ResTime" : 658.0,
    "throughput" : 12.626262626262626,
    "receivedKBytesPerSec" : 486.9002525252525,
    "sentKBytesPerSec" : 6.424104324494949
  },
  "https://blazedemo.com/-2" : {
    "transaction" : "https://blazedemo.com/-2",
    "sampleCount" : 10,
    "errorCount" : 0,
    "errorPct" : 0.0,
    "meanResTime" : 444.5,
    "medianResTime" : 446.0,
    "minResTime" : 313.0,
    "maxResTime" : 572.0,
    "pct1ResTime" : 572.0,
    "pct2ResTime" : 572.0,
    "pct3ResTime" : 572.0,
    "throughput" : 14.814814814814815,
    "receivedKBytesPerSec" : 419.2853009259259,
    "sentKBytesPerSec" : 7.508680555555555
  },
  "https://blazedemo.com/-1" : {
    "transaction" : "https://blazedemo.com/-1",
    "sampleCount" : 10,
    "errorCount" : 0,
    "errorPct" : 0.0,
    "meanResTime" : 49.9,
    "medianResTime" : 48.0,
    "minResTime" : 35.0,
    "maxResTime" : 79.0,
    "pct1ResTime" : 77.10000000000001,
    "pct2ResTime" : 79.0,
    "pct3ResTime" : 79.0,
    "throughput" : 30.211480362537767,
    "receivedKBytesPerSec" : 2477.7249339123864,
    "sentKBytesPerSec" : 15.872828549848942
  },
  "https://blazedemo.com/-0" : {
    "transaction" : "https://blazedemo.com/-0",
    "sampleCount" : 10,
    "errorCount" : 0,
    "errorPct" : 0.0,
    "meanResTime" : 955.7,
    "medianResTime" : 935.0,
    "minResTime" : 590.0,
    "maxResTime" : 1370.0,
    "pct1ResTime" : 1354.2,
    "pct2ResTime" : 1370.0,
    "pct3ResTime" : 1370.0,
    "throughput" : 6.688963210702341,
    "receivedKBytesPerSec" : 21.085911371237458,
    "sentKBytesPerSec" : 3.2399665551839463
  },
  "https://blazedemo.com/confirmation.php-5" : {
    "transaction" : "https://blazedemo.com/confirmation.php-5",
    "sampleCount" : 10,
    "errorCount" : 0,
    "errorPct" : 0.0,
    "meanResTime" : 243.59999999999997,
    "medianResTime" : 242.5,
    "minResTime" : 235.0,
    "maxResTime" : 254.0,
    "pct1ResTime" : 253.4,
    "pct2ResTime" : 254.0,
    "pct3ResTime" : 254.0,
    "throughput" : 15.974440894568689,
    "receivedKBytesPerSec" : 2.7300069888178915,
    "sentKBytesPerSec" : 10.249226238019169
  },
  "https://blazedemo.com/confirmation.php-4" : {
    "transaction" : "https://blazedemo.com/confirmation.php-4",
    "sampleCount" : 10,
    "errorCount" : 0,
    "errorPct" : 0.0,
    "meanResTime" : 258.6,
    "medianResTime" : 245.0,
    "minResTime" : 240.0,
    "maxResTime" : 356.0,
    "pct1ResTime" : 347.5,
    "pct2ResTime" : 356.0,
    "pct3ResTime" : 356.0,
    "throughput" : 14.184397163120567,
    "receivedKBytesPerSec" : 2.4517952127659575,
    "sentKBytesPerSec" : 9.100731382978724
  },
  "https://blazedemo.com/confirmation.php-3" : {
    "transaction" : "https://blazedemo.com/confirmation.php-3",
    "sampleCount" : 10,
    "errorCount" : 0,
    "errorPct" : 0.0,
    "meanResTime" : 245.9,
    "medianResTime" : 245.0,
    "minResTime" : 240.0,
    "maxResTime" : 257.0,
    "pct1ResTime" : 256.4,
    "pct2ResTime" : 257.0,
    "pct3ResTime" : 257.0,
    "throughput" : 15.92356687898089,
    "receivedKBytesPerSec" : 2.736863057324841,
    "sentKBytesPerSec" : 10.216585390127388
  },
  "https://blazedemo.com/confirmation.php-2" : {
    "transaction" : "https://blazedemo.com/confirmation.php-2",
    "sampleCount" : 10,
    "errorCount" : 0,
    "errorPct" : 0.0,
    "meanResTime" : 248.89999999999998,
    "medianResTime" : 245.5,
    "minResTime" : 241.0,
    "maxResTime" : 275.0,
    "pct1ResTime" : 272.9,
    "pct2ResTime" : 275.0,
    "pct3ResTime" : 275.0,
    "throughput" : 15.898251192368837,
    "receivedKBytesPerSec" : 2.738722178060413,
    "sentKBytesPerSec" : 10.16929153418124
  },
  "https://blazedemo.com/confirmation.php-1" : {
    "transaction" : "https://blazedemo.com/confirmation.php-1",
    "sampleCount" : 10,
    "errorCount" : 0,
    "errorPct" : 0.0,
    "meanResTime" : 27.5,
    "medianResTime" : 6.0,
    "minResTime" : 4.0,
    "maxResTime" : 221.0,
    "pct1ResTime" : 199.90000000000006,
    "pct2ResTime" : 221.0,
    "pct3ResTime" : 221.0,
    "throughput" : 16.474464579901152,
    "receivedKBytesPerSec" : 3.44290568369028,
    "sentKBytesPerSec" : 10.248275329489292
  },
  "Total" : {
    "transaction" : "Total",
    "sampleCount" : 280,
    "errorCount" : 0,
    "errorPct" : 0.0,
    "meanResTime" : 417.85714285714295,
    "medianResTime" : 251.0,
    "minResTime" : 4.0,
    "maxResTime" : 2163.0,
    "pct1ResTime" : 805.2,
    "pct2ResTime" : 1115.2999999999993,
    "pct3ResTime" : 1845.7099999999996,
    "throughput" : 57.412343653885586,
    "receivedKBytesPerSec" : 1555.1288253537011,
    "sentKBytesPerSec" : 59.68104431515276
  },
  "https://blazedemo.com/confirmation.php-0" : {
    "transaction" : "https://blazedemo.com/confirmation.php-0",
    "sampleCount" : 10,
    "errorCount" : 0,
    "errorPct" : 0.0,
    "meanResTime" : 492.6,
    "medianResTime" : 493.5,
    "minResTime" : 459.0,
    "maxResTime" : 540.0,
    "pct1ResTime" : 538.8,
    "pct2ResTime" : 540.0,
    "pct3ResTime" : 540.0,
    "throughput" : 10.49317943336831,
    "receivedKBytesPerSec" : 43.55079354669465,
    "sentKBytesPerSec" : 7.946738916579224
  }
}